Issue key	Created	Updated	Custom field (GUID)	Custom field (Number of attachments)	Custom field (DATA ISSUE Severity)	Status	Assignee	Summary
WELCM-29476	2020-01-24 16:43	2023-11-28 22:01	30d70203-c0c6-4154-aa85-d7b1c4fc1930	0.0		In Progress	WCMR_FastTrack_corrections	LPIC-1: Practice Tests, 2nd Edition tb611097.LPIC1PT.1.04.82
WELCM-55027	2021-11-20 17:46	2024-01-12 17:17	8e2ac285-0fdd-4869-bafe-ee77229af9b4	1.0	Major	In Progress	WCMR_FastTrack_corrections	OCA Java SE 8 Programmer I Study Guide tb957400.JaSE8PrI.SG.be2.17
WELCM-56146	2021-12-03 2:22	2024-01-12 16:46	2fbd6f7d-00bd-4b3b-bfbd-b9c30264bcbd	0.0	Major	Open	WCMR_FastTrack_corrections	(ISC)² CISSP Official Practice Tests, Third Edition tb787631.CISSPPT3E.c02.078
WELCM-57707	2022-01-12 10:37	2024-01-08 15:14	9696eb51-d0f5-4275-8e7e-b2ee026fe3e0	2.0	Major	In Progress	WCMR_FastTrack_corrections	(ISC)2 SSCP Official Practice Tests, Second Edition tb852070.SSCPPT2E.c06.30
WELCM-58432	2022-02-03 1:13	2024-01-12 17:16	9cf8bc96-f8b1-432a-a887-f934f17f9727	1.0	Major	Open	pmikhailov	(ISC)² CISSP Official Study Guide, Ninth Edition tb786238.CISSPSG9E.pe2.043
WELCM-58577	2022-02-08 1:16	2023-11-01 0:05	2fbd6f7d-00bd-4b3b-bfbd-b9c30264bcbd	0.0	Major	Open	WCMR_FastTrack_corrections	(ISC)² CISSP Official Practice Tests, Third Edition tb787631.CISSPPT3E.pt1.051
WELCM-58581	2022-02-08 1:16	2023-08-26 16:32	2fbd6f7d-00bd-4b3b-bfbd-b9c30264bcbd	0.0	Major	Open	WCMR_FastTrack_corrections	(ISC)² CISSP Official Practice Tests, Third Edition tb787631.CISSPPT3E.pt1.081
WELCM-59634	2022-03-21 0:21	2023-10-11 13:26	a0a4c2a5-78a0-4402-8277-2ca32122f2ca	0.0	Major	Open	WCMR_FastTrack_corrections	Microsoft Certified Azure Fundamentals Study Guide: Exam AZ-900 tb770923.AzFuSG.c02.06
WELCM-59639	2022-03-21 0:21	2024-01-23 17:57	e0d60505-0e7f-48ec-b826-8283c2b6c728	0.0	Major	Open	WCMR_FastTrack_corrections	CASP+ Practice Tests, 2nd Edition tb813057.CASPPlPT2E.c04.100
WELCM-59702	2022-03-23 0:15	2023-10-11 13:25	9af8f4e6-0ee9-47de-afff-a61069df98bb	0.0	Major	Open	WCMR_FastTrack_corrections	PHR/SPHR Complete Study Guide, 5th Edition tb426738.PHRSPHRDSG2E.c05.19
WELCM-60020	2022-04-06 1:13	2024-01-12 18:20	8e2ac285-0fdd-4869-bafe-ee77229af9b4	2.0	Major	Open	pmikhailov	OCA Java SE 8 Programmer I Study Guide tb957400.JaSE8PrI.SG.c04.09
WELCM-61003	2022-05-13 1:14	2023-10-11 13:26	fd4aead9-50ee-494a-bd11-2c0d718bc063	0.0	Major	Open	WCMR_FastTrack_corrections	IAPP CIPP Certified Information Privacy Professional Study Guide tb755463.IAPPCIPPSG.at.08
WELCM-61006	2022-05-13 1:14	2024-01-25 11:48	72570581-6b25-4e07-925c-175e334f62a2	0.0	Major	Open	WCMR_FastTrack_corrections	SHRM Society for Human Resource Management Complete Study Guide tb805489.SHRMSG.pe1.12
WELCM-61195	2022-05-20 1:16	2024-01-12 18:09	8d9a421f-c630-438b-84fd-776962a921d6	1.0	Major	Open	pmikhailov	CompTIA A+ Complete Review Guide, 5th Edition tb861072.AplRG5E.pe3.49
WELCM-61303	2022-05-24 1:17	2023-10-27 12:16	2fbd6f7d-00bd-4b3b-bfbd-b9c30264bcbd	0.0	Major	Open	WCMR_FastTrack_corrections	(ISC)² CISSP Official Practice Tests, Third Edition tb787631.CISSPPT3E.pt1.094
WELCM-61799	2022-06-09 1:18	2023-12-21 1:05	c73e1564-c936-497b-b2ce-500a01ed2c9e	2.0	Major	In Progress	WCMR_FastTrack_corrections	CompTIA Network+ Deluxe Study Guide, 5th Edition tb811633.NetPlSG5E.c23.20
WELCM-61855	2022-06-13 1:17	2024-01-12 17:37	770782f3-e22b-4f69-b898-0c4d57b59a17	2.0	Major	Open	pmikhailov	OCP Java SE 17 Developer Study Guide tb864585.JaSE17SG.c09.07
WELCM-61978	2022-06-17 1:16	2023-12-11 14:30	166ffb56-eaf3-4dc8-b382-56fcb3f87390	1.0	Major	In Progress	WCMR_FastTrack_corrections	CompTIA Network+ Practice Tests, 2nd Edition tb807308.NetplPT2E.pt1.087
WELCM-62079	2022-06-20 1:30	2024-01-12 17:20	8d9a421f-c630-438b-84fd-776962a921d6	2.0	Major	Open	pmikhailov	CompTIA A+ Complete Review Guide, 5th Edition tb861072.AplRG5E.p1c03.09
WELCM-62154	2022-06-23 1:16	2024-01-25 12:02	b1ac057a-132e-42bc-a8b6-1d2f4b8b889b	0.0	Major	Open	WCMR_FastTrack_corrections	CompTIA Security+ Study Guide 8E tb736257.SecPl.SG8E.c12.06
WELCM-62975	2022-07-26 13:55	2024-01-12 18:17	8d9a421f-c630-438b-84fd-776962a921d6	1.0	Major	Open	pmikhailov	CompTIA A+ Complete Review Guide, 5th Edition tb861072.AplRG5E.pe1.21
WELCM-62995	2022-07-27 1:15	2024-01-12 18:08	8d9a421f-c630-438b-84fd-776962a921d6	2.0	Major	Open	pmikhailov	CompTIA A+ Complete Review Guide, 5th Edition tb861072.AplRG5E.p1c03.24
WELCM-63213	2022-08-08 1:17	2023-12-15 1:05	6d2c2906-d636-46ac-a67e-c7a5abc88549	0.0	Major	Open	WCMR_FastTrack_corrections	CCNA Certification Study Guide tb659181.CCNACert.SG.c22.20
WELCM-63278	2022-08-09 1:11	2024-01-25 12:03	b1ac057a-132e-42bc-a8b6-1d2f4b8b889b	0.0	Major	Open	WCMR_FastTrack_corrections	CompTIA Security+ Study Guide 8E tb736257.SecPl.SG8E.c12.17
WELCM-63286	2022-08-09 1:11	2023-07-27 12:28	fae00299-b0ea-4808-aaa9-3a23c4170bb5	0.0	Major	Open	WCMR_FastTrack_corrections	MCA Microsoft 365 Azure Administrator Study Guide tb705154.AzAdSG.pe2.47
WELCM-63565	2022-08-18 1:10	2023-12-11 14:03	537f54c6-1761-4d64-be12-b9b7b9f632fb	1.0	Major	In Progress	WCMR_FastTrack_corrections	CompTIA A+ Complete Study Guide, 5th Edition tb862918.AplSG5E.pe7.24
WELCM-63696	2022-08-22 19:39	2022-12-22 14:03	fe1d75f3-dbeb-4c4d-9138-cff0f244e9a2	0.0	Major	Open	WCMR_FastTrack_corrections	Google Cloud Certified Professional Cloud Architect Study Guide, 2nd Edition tb871057.GoCCPCASG2E.c11.12
WELCM-63832	2022-08-29 1:12	2023-04-11 16:30	082fa2e2-8fb2-4078-a2e0-2f50e716ce64	0.0	Major	Open	WCMR_FastTrack_corrections	CCNA Certification Practice Tests: Exam 200-301 tb669883.CCNAPT.c04.031
WELCM-64352	2022-09-14 1:09	2023-11-13 1:07	2fbd6f7d-00bd-4b3b-bfbd-b9c30264bcbd	0.0	Major	Open	WCMR_FastTrack_corrections	(ISC)² CISSP Official Practice Tests, Third Edition tb787631.CISSPPT3E.c07.049
WELCM-64428	2022-09-19 1:15	2024-01-12 18:10	8d9a421f-c630-438b-84fd-776962a921d6	1.0	Major	Open	pmikhailov	CompTIA A+ Complete Review Guide, 5th Edition tb861072.AplRG5E.pe3.08
WELCM-64441	2022-09-19 1:16	2023-09-15 1:06	61c9fad5-39ef-45c0-bd94-72cdeb569612	0.0	Major	Open	WCMR_FastTrack_corrections	CompTIA Data+ Study Guide tb845256.DataPlSG.c03.05
WELCM-64506	2022-09-21 1:08	2024-01-08 1:06	61c9fad5-39ef-45c0-bd94-72cdeb569612	0.0	Major	Open	WCMR_FastTrack_corrections	CompTIA Data+ Study Guide tb845256.DataPlSG.pe1.60
WELCM-64533	2022-09-22 1:09	2024-01-25 12:58	61c9fad5-39ef-45c0-bd94-72cdeb569612	0.0	Major	Open	WCMR_FastTrack_corrections	CompTIA Data+ Study Guide tb845256.DataPlSG.pe2.55
WELCM-64690	2022-09-29 1:09	2023-08-18 1:06	d9fdbe88-8bcd-499c-963d-8a8c9723e8dd	0.0	Major	Open	WCMR_FastTrack_corrections	AWS CSA Study Guide 4E: Associate Exam: SAA-C03 982623.AWSCML.PE03.002
WELCM-64823	2022-10-04 1:08	2023-11-24 1:04	2fbd6f7d-00bd-4b3b-bfbd-b9c30264bcbd	0.0	Major	Open	WCMR_FastTrack_corrections	(ISC)² CISSP Official Practice Tests, Third Edition tb787631.CISSPPT3E.c02.093
WELCM-64928	2022-10-10 1:13	2024-01-18 4:06	52f99826-4082-462e-be3c-15d77a7b25d1	0.0	Major	Open	WCMR_FastTrack_corrections	(ISC)2 CCSP Certified Cloud Security Professional Official Practice Tests, 3rd Edition tb909408.CCSPPT3E.c05.015
WELCM-64937	2022-10-10 1:14	2023-09-29 1:06	52f99826-4082-462e-be3c-15d77a7b25d1	0.0	Major	Open	WCMR_FastTrack_corrections	(ISC)2 CCSP Certified Cloud Security Professional Official Practice Tests, 3rd Edition tb909408.CCSPPT3E.pt2.009
WELCM-65008	2022-10-12 1:10	2023-07-28 1:17	52f99826-4082-462e-be3c-15d77a7b25d1	0.0	Major	Open	WCMR_FastTrack_corrections	(ISC)2 CCSP Certified Cloud Security Professional Official Practice Tests, 3rd Edition tb909408.CCSPPT3E.c06.030
WELCM-65019	2022-10-13 1:09	2023-07-27 12:53	fae00299-b0ea-4808-aaa9-3a23c4170bb5	0.0	Major	Open	WCMR_FastTrack_corrections	MCA Microsoft 365 Azure Administrator Study Guide tb705154.AzAdSG.c06.01
WELCM-65027	2022-10-13 1:09	2024-01-23 16:14	fae00299-b0ea-4808-aaa9-3a23c4170bb5	0.0	Major	Open	WCMR_FastTrack_corrections	MCA Microsoft 365 Azure Administrator Study Guide tb705154.AzAdSG.pe2.26
WELCM-65052	2022-10-14 1:09	2024-01-08 1:06	52f99826-4082-462e-be3c-15d77a7b25d1	0.0	Major	Open	WCMR_FastTrack_corrections	(ISC)2 CCSP Certified Cloud Security Professional Official Practice Tests, 3rd Edition tb909408.CCSPPT3E.c02.013
WELCM-65073	2022-10-17 1:12	2023-12-01 1:06	fae00299-b0ea-4808-aaa9-3a23c4170bb5	0.0	Major	Open	WCMR_FastTrack_corrections	MCA Microsoft 365 Azure Administrator Study Guide tb705154.AzAdSG.pe1.41
WELCM-65091	2022-10-17 1:20	2024-01-03 1:05	2fbd6f7d-00bd-4b3b-bfbd-b9c30264bcbd	0.0	Major	Open	WCMR_FastTrack_corrections	(ISC)² CISSP Official Practice Tests, Third Edition tb787631.CISSPPT3E.pt4.077
WELCM-65151	2022-10-18 1:10	2023-10-27 11:59	6dfde898-c5d5-4b71-8e26-d84d26a57974	0.0	Major	Open	WCMR_FastTrack_corrections	CISM Certified Information Security Manager Study Guide tb801931.CISMSG.pe2.066
WELCM-65658	2022-11-04 0:12	2024-01-25 12:58	c9b58801-d0f6-490e-8b22-121ce17addcf	0.0	Major	Open	WCMR_FastTrack_corrections	CompTIA Linux+ Practice Tests, Third Edition tb879619.LinuxplPT3E.c02.091
WELCM-65674	2022-11-07 1:13	2023-11-30 1:05	d9fdbe88-8bcd-499c-963d-8a8c9723e8dd	0.0	Major	Open	WCMR_FastTrack_corrections	AWS CSA Study Guide 4E: Associate Exam: SAA-C03 982623.AWSCML.PE02.132
WELCM-65732	2022-11-07 1:19	2023-12-18 1:04	d9fdbe88-8bcd-499c-963d-8a8c9723e8dd	0.0	Major	Open	WCMR_FastTrack_corrections	AWS CSA Study Guide 4E: Associate Exam: SAA-C03 982623.AWSCSA.SG4E.p1c03.008
WELCM-65733	2022-11-07 1:19	2023-08-26 16:32	d9fdbe88-8bcd-499c-963d-8a8c9723e8dd	0.0	Major	Open	WCMR_FastTrack_corrections	AWS CSA Study Guide 4E: Associate Exam: SAA-C03 982623.AWSCML.PE03.201
WELCM-65872	2022-11-14 1:14	2023-10-10 1:05	52f99826-4082-462e-be3c-15d77a7b25d1	0.0	Major	Open	WCMR_FastTrack_corrections	(ISC)2 CCSP Certified Cloud Security Professional Official Practice Tests, 3rd Edition tb909408.CCSPPT3E.c04.076
WELCM-65878	2022-11-14 1:14	2023-04-11 16:30	d9fdbe88-8bcd-499c-963d-8a8c9723e8dd	0.0	Major	Open	WCMR_FastTrack_corrections	AWS CSA Study Guide 4E: Associate Exam: SAA-C03 982623.AWSCML.PE01.306
WELCM-65887	2022-11-14 1:15	2023-08-29 1:08	e84ac15d-3794-4df4-9880-3533551bc1f5	0.0	Major	Open	WCMR_FastTrack_corrections	CEH v11 Certified Ethical Hacker Study Guide tb800286.CEHv11SG.pe1.073
WELCM-65930	2022-11-14 1:19	2023-08-26 16:33	52f99826-4082-462e-be3c-15d77a7b25d1	0.0	Major	Open	WCMR_FastTrack_corrections	(ISC)2 CCSP Certified Cloud Security Professional Official Practice Tests, 3rd Edition tb909408.CCSPPT3E.c06.087
WELCM-65956	2022-11-16 6:54	2024-01-23 17:52	9c683373-2f4b-436a-91aa-0d273629cfda	0.0	Major	Open	WCMR_FastTrack_corrections	(ISC)2 CCSP Certified Cloud Security Professional Official Study Guide, 3rd Edition tb909378.CCSPSG3E.c05.002
WELCM-66001	2022-11-16 6:59	2023-10-06 1:05	d9fdbe88-8bcd-499c-963d-8a8c9723e8dd	0.0	Major	Open	WCMR_FastTrack_corrections	AWS CSA Study Guide 4E: Associate Exam: SAA-C03 982623.AWSCML.PE01.019
WELCM-66018	2022-11-16 7:01	2024-01-25 11:48	72570581-6b25-4e07-925c-175e334f62a2	0.0	Major	Open	WCMR_FastTrack_corrections	SHRM Society for Human Resource Management Complete Study Guide tb805489.SHRMSG.p3c09.10
WELCM-66122	2022-11-21 5:56	2023-11-13 1:05	52f99826-4082-462e-be3c-15d77a7b25d1	0.0	Major	Open	WCMR_FastTrack_corrections	(ISC)2 CCSP Certified Cloud Security Professional Official Practice Tests, 3rd Edition tb909408.CCSPPT3E.c05.072
WELCM-66279	2022-11-28 1:15	2023-08-26 16:32	d9fdbe88-8bcd-499c-963d-8a8c9723e8dd	0.0	Major	Open	WCMR_FastTrack_corrections	AWS CSA Study Guide 4E: Associate Exam: SAA-C03 982623.AWSCML.PE01.065
WELCM-66323	2022-11-30 1:10	2023-08-26 16:32	d9fdbe88-8bcd-499c-963d-8a8c9723e8dd	0.0	Major	Open	WCMR_FastTrack_corrections	AWS CSA Study Guide 4E: Associate Exam: SAA-C03 982623.AWSCML.PE02.082
WELCM-66353	2022-11-30 1:13	2023-10-27 11:44	534b4712-3557-4927-8f2f-96c0a17a1501	0.0	Major	Open	WCMR_FastTrack_corrections	CompTIA Cloud+ Study Guide, Third Edition tb810865.CloudPlSG3E.c01.13
WELCM-66399	2022-12-02 1:11	2024-01-22 1:07	d9fdbe88-8bcd-499c-963d-8a8c9723e8dd	0.0	Major	Open	WCMR_FastTrack_corrections	AWS CSA Study Guide 4E: Associate Exam: SAA-C03 982623.AWSCML.PE03.055
WELCM-66407	2022-12-02 1:12	2023-12-01 1:05	d9fdbe88-8bcd-499c-963d-8a8c9723e8dd	0.0	Major	Open	WCMR_FastTrack_corrections	AWS CSA Study Guide 4E: Associate Exam: SAA-C03 982623.AWSCML.PE02.121
WELCM-66428	2022-12-02 12:43	2024-01-23 1:05		5.0	Major	In Progress	WCMR_FastTrack_corrections	CompTIA Network+Study Guide: 5th Edition tb811633.NetPlSG5E.c21.05
WELCM-66437	2022-12-05 1:13	2023-04-11 17:03	d9fdbe88-8bcd-499c-963d-8a8c9723e8dd	0.0	Major	Open	WCMR_FastTrack_corrections	AWS CSA Study Guide 4E: Associate Exam: SAA-C03 982623.AWSCML.PE03.112
WELCM-66447	2022-12-05 1:14	2023-04-11 17:04	d9fdbe88-8bcd-499c-963d-8a8c9723e8dd	0.0	Major	Open	WCMR_FastTrack_corrections	AWS CSA Study Guide 4E: Associate Exam: SAA-C03 982623.AWSCML.PE03.069
WELCM-66449	2022-12-05 1:14	2023-07-27 12:45	d9fdbe88-8bcd-499c-963d-8a8c9723e8dd	0.0	Major	Open	WCMR_FastTrack_corrections	AWS CSA Study Guide 4E: Associate Exam: SAA-C03 982623.AWSCML.PE01.035
WELCM-66492	2022-12-05 1:18	2023-04-11 16:33	d9fdbe88-8bcd-499c-963d-8a8c9723e8dd	0.0	Major	Open	WCMR_FastTrack_corrections	AWS CSA Study Guide 4E: Associate Exam: SAA-C03 982623.AWSCML.PE01.013
WELCM-66501	2022-12-05 1:19	2023-08-26 16:32	2fbd6f7d-00bd-4b3b-bfbd-b9c30264bcbd	0.0	Major	Open	WCMR_FastTrack_corrections	(ISC)² CISSP Official Practice Tests, Third Edition tb787631.CISSPPT3E.pt3.068
WELCM-66817	2022-12-20 1:12	2023-09-07 1:07	d9fdbe88-8bcd-499c-963d-8a8c9723e8dd	0.0	Major	Open	WCMR_FastTrack_corrections	AWS CSA Study Guide 4E: Associate Exam: SAA-C03 982623.AWSCSA.SG4E.p1c05.021
WELCM-66844	2022-12-21 1:11	2023-04-11 17:02	d9fdbe88-8bcd-499c-963d-8a8c9723e8dd	0.0	Major	Open	WCMR_FastTrack_corrections	AWS CSA Study Guide 4E: Associate Exam: SAA-C03 982623.AWSCML.PE01.109
WELCM-66864	2022-12-21 20:48	2024-01-23 14:59		0.0	Major	Open	WCMR_FastTrack_corrections	CompTIA Network+ Study Guide, 5th Edition tb811633.NetPlSG5E
WELCM-66865	2022-12-22 1:08	2024-01-15 1:07	d9fdbe88-8bcd-499c-963d-8a8c9723e8dd	0.0	Major	Open	WCMR_FastTrack_corrections	AWS CSA Study Guide 4E: Associate Exam: SAA-C03 982623.AWSCML.PE01.286
WELCM-66889	2022-12-23 1:10	2024-01-22 1:06	d9fdbe88-8bcd-499c-963d-8a8c9723e8dd	0.0	Major	Open	WCMR_FastTrack_corrections	AWS CSA Study Guide 4E: Associate Exam: SAA-C03 982623.AWSCML.PE04.021
WELCM-67026	2022-12-29 1:13	2023-12-11 13:59	537f54c6-1761-4d64-be12-b9b7b9f632fb	1.0	Major	Open	pmikhailov	CompTIA A+ Complete Study Guide, 5th Edition tb862918.AplSG5E.pe7.48
WELCM-67185	2023-01-09 1:14	2024-01-18 4:05	47316b73-8f13-4766-85da-ac141a2358b7	2.0	Major	In Progress	WCMR_FastTrack_corrections	CompTIA Server+ Study Guide: Exam SK0-005 2e tb891437.SERVERPLSG2E.c01.05
WELCM-67258	2023-01-11 1:11	2023-04-11 16:30	d9fdbe88-8bcd-499c-963d-8a8c9723e8dd	0.0	Major	Open	WCMR_FastTrack_corrections	AWS CSA Study Guide 4E: Associate Exam: SAA-C03 982623.AWSCSA.SG4E.p2c13.013
WELCM-67300	2023-01-12 1:12	2023-08-26 16:13	d9fdbe88-8bcd-499c-963d-8a8c9723e8dd	0.0	Major	Open	WCMR_FastTrack_corrections	AWS CSA Study Guide 4E: Associate Exam: SAA-C03 982623.AWSCSA.SG4E.p1c03.001
WELCM-67368	2023-01-16 1:16	2023-04-11 16:29	6d2c2906-d636-46ac-a67e-c7a5abc88549	0.0	Major	Open	WCMR_FastTrack_corrections	CCNA Certification Study Guide tb659181.CCNACert.SG.c13.03
WELCM-67396	2023-01-16 1:19	2023-08-26 16:13	52f99826-4082-462e-be3c-15d77a7b25d1	0.0	Major	Open	WCMR_FastTrack_corrections	(ISC)2 CCSP Certified Cloud Security Professional Official Practice Tests, 3rd Edition tb909408.CCSPPT3E.c03.077
WELCM-67567	2023-01-23 1:17	2024-01-12 18:18	770782f3-e22b-4f69-b898-0c4d57b59a17	1.0	Major	Open	pmikhailov	OCP Java SE 17 Developer Study Guide tb864585.JaSE17SG.pe1.07
WELCM-67627	2023-01-25 14:34	2024-01-25 12:59	61c9fad5-39ef-45c0-bd94-72cdeb569612	0.0	Major	Open	WCMR_FastTrack_corrections	CompTIA Data+ Study Guide tb845256.DataPlSG.pe2.09
WELCM-67639	2023-01-25 14:35	2023-08-26 16:13	61c9fad5-39ef-45c0-bd94-72cdeb569612	0.0	Major	Open	WCMR_FastTrack_corrections	CompTIA Data+ Study Guide tb845256.DataPlSG.pe2.72
WELCM-67757	2023-01-30 1:16	2023-08-04 1:13	d9fdbe88-8bcd-499c-963d-8a8c9723e8dd	0.0	Major	Open	WCMR_FastTrack_corrections	AWS CSA Study Guide 4E: Associate Exam: SAA-C03 982623.AWSCSA.SG4E.p2c12.013
WELCM-67806	2023-01-30 1:20	2023-10-27 12:17	52f99826-4082-462e-be3c-15d77a7b25d1	0.0	Major	Open	WCMR_FastTrack_corrections	(ISC)2 CCSP Certified Cloud Security Professional Official Practice Tests, 3rd Edition tb909408.CCSPPT3E.c01.073
WELCM-67826	2023-01-31 1:14	2023-11-06 1:07	d9fdbe88-8bcd-499c-963d-8a8c9723e8dd	0.0	Major	Open	WCMR_FastTrack_corrections	AWS CSA Study Guide 4E: Associate Exam: SAA-C03 982623.AWSCML.PE01.002
WELCM-67855	2023-01-31 1:17	2023-04-11 17:02	d9fdbe88-8bcd-499c-963d-8a8c9723e8dd	0.0	Major	Open	WCMR_FastTrack_corrections	AWS CSA Study Guide 4E: Associate Exam: SAA-C03 982623.AWSCML.PE01.036
WELCM-67861	2023-02-01 1:11	2023-04-11 17:02	d9fdbe88-8bcd-499c-963d-8a8c9723e8dd	0.0	Major	Open	WCMR_FastTrack_corrections	AWS CSA Study Guide 4E: Associate Exam: SAA-C03 982623.AWSCML.PE01.270
WELCM-67880	2023-02-01 1:12	2023-08-26 16:13	d9fdbe88-8bcd-499c-963d-8a8c9723e8dd	0.0	Major	Open	WCMR_FastTrack_corrections	AWS CSA Study Guide 4E: Associate Exam: SAA-C03 982623.AWSCML.PE01.020
WELCM-67944	2023-02-03 1:12	2023-10-27 11:59	6dfde898-c5d5-4b71-8e26-d84d26a57974	0.0	Major	Open	WCMR_FastTrack_corrections	CISM Certified Information Security Manager Study Guide tb801931.CISMSG.pe1.090
WELCM-67963	2023-02-03 1:14	2023-08-26 16:13	52f99826-4082-462e-be3c-15d77a7b25d1	0.0	Major	Open	WCMR_FastTrack_corrections	(ISC)2 CCSP Certified Cloud Security Professional Official Practice Tests, 3rd Edition tb909408.CCSPPT3E.pt1.030
WELCM-68008	2023-02-06 1:19	2024-01-08 22:07	9696eb51-d0f5-4275-8e7e-b2ee026fe3e0	5.0	Major	In Progress	pmikhailov	(ISC)2 SSCP Official Practice Tests, Second Edition tb852070.SSCPPT2E.c04.33
WELCM-68060	2023-02-07 1:12	2023-08-26 16:13	d9fdbe88-8bcd-499c-963d-8a8c9723e8dd	0.0	Major	Open	WCMR_FastTrack_corrections	AWS CSA Study Guide 4E: Associate Exam: SAA-C03 982623.AWSCML.PE04.091
WELCM-68062	2023-02-07 1:12	2023-08-26 16:13	d9fdbe88-8bcd-499c-963d-8a8c9723e8dd	0.0	Major	Open	WCMR_FastTrack_corrections	AWS CSA Study Guide 4E: Associate Exam: SAA-C03 982623.AWSCML.PE04.008
WELCM-68073	2023-02-07 1:13	2023-08-26 16:13	d9fdbe88-8bcd-499c-963d-8a8c9723e8dd	0.0	Major	Open	WCMR_FastTrack_corrections	AWS CSA Study Guide 4E: Associate Exam: SAA-C03 982623.AWSCML.PE02.211
WELCM-68076	2023-02-07 1:13	2023-08-26 16:13	d9fdbe88-8bcd-499c-963d-8a8c9723e8dd	0.0	Major	Open	WCMR_FastTrack_corrections	AWS CSA Study Guide 4E: Associate Exam: SAA-C03 982623.AWSCML.PE02.148
WELCM-68087	2023-02-07 1:14	2023-09-04 1:12	52f99826-4082-462e-be3c-15d77a7b25d1	0.0	Major	Open	WCMR_FastTrack_corrections	(ISC)2 CCSP Certified Cloud Security Professional Official Practice Tests, 3rd Edition tb909408.CCSPPT3E.c02.011
WELCM-68274	2023-02-13 1:24	2024-01-25 12:58	4f781db6-1ddb-40b2-ae84-8f7ddedb8698	0.0	Major	Open	WCMR_FastTrack_corrections	CompTIA Network+ Study Guide, 5E tb811633.NetPlSG5E.pe5.36
WELCM-68326	2023-02-14 1:12	2023-10-27 12:13	d9fdbe88-8bcd-499c-963d-8a8c9723e8dd	0.0	Major	Open	WCMR_FastTrack_corrections	AWS CSA Study Guide 4E: Associate Exam: SAA-C03 982623.AWSCML.PE03.083
WELCM-68329	2023-02-14 1:13	2023-04-11 17:05	d9fdbe88-8bcd-499c-963d-8a8c9723e8dd	0.0	Major	Open	WCMR_FastTrack_corrections	AWS CSA Study Guide 4E: Associate Exam: SAA-C03 982623.AWSCML.PE04.061
WELCM-68342	2023-02-14 1:14	2023-04-11 17:04	d9fdbe88-8bcd-499c-963d-8a8c9723e8dd	0.0	Major	Open	WCMR_FastTrack_corrections	AWS CSA Study Guide 4E: Associate Exam: SAA-C03 982623.AWSCML.PE04.009
WELCM-68345	2023-02-14 1:14	2023-11-14 1:05	d9fdbe88-8bcd-499c-963d-8a8c9723e8dd	0.0	Major	Open	WCMR_FastTrack_corrections	AWS CSA Study Guide 4E: Associate Exam: SAA-C03 982623.AWSCML.PE04.058
WELCM-68430	2023-02-17 1:13	2023-08-26 16:13	d9fdbe88-8bcd-499c-963d-8a8c9723e8dd	0.0	Major	Open	WCMR_FastTrack_corrections	AWS CSA Study Guide 4E: Associate Exam: SAA-C03 982623.AWSCSA.SG4E.p1c06.007
WELCM-68452	2023-02-20 1:15	2023-11-02 0:05	0ca6aaa0-80a8-40f5-9a80-1596b71a2490	0.0	Major	Open	WCMR_FastTrack_corrections	CompTIA Project+ Study Guide 3E (Exam PK0-005) tb892458.PROJPLSG3E.pe1.075
WELCM-68488	2023-02-20 1:18	2024-01-25 12:58	8a7d8496-b588-4faf-8184-886d6219caa2	0.0	Major	Open	WCMR_FastTrack_corrections	CompTIA IT Fundamentals Study Guide, 2nd Edition tb513124.ITFund.SG2E.c08.20
WELCM-68667	2023-02-27 1:20	2023-09-11 1:14	ce0b4452-ca9c-4496-b9fb-1f2c93b01c3b	0.0	Major	Open	WCMR_FastTrack_corrections	CompTIA Project+ Practice Tests, 2nd Edition tb892489.projplpt2e.c01.164
WELCM-68741	2023-02-27 1:28	2024-01-25 12:58	9cc02477-4c9c-4802-bdd9-4592521a7017	0.0	Major	Open	WCMR_FastTrack_corrections	CompTIA PenTest+ Study Guide, 2nd Edition tb823810.PenTestPlSG2E.pe1.32
WELCM-68850	2023-03-09 1:32	2024-01-25 11:49	770782f3-e22b-4f69-b898-0c4d57b59a17	0.0	Major	Open	WCMR_FastTrack_corrections	OCP Java SE 17 Developer Study Guide tb864585.JaSE17SG.at.20
WELCM-68947	2023-03-09 1:42	2024-01-15 1:06	47316b73-8f13-4766-85da-ac141a2358b7	2.0	Major	In Progress	WCMR_FastTrack_corrections	CompTIA Server+ Study Guide: Exam SK0-005 2e tb891437.SERVERPLSG2E.at.16
WELCM-68967	2023-03-09 1:45	2024-01-25 11:49	e6b2cca5-bea1-43f8-99aa-aa5f15b63e05	0.0	Major	Open	WCMR_FastTrack_corrections	Google Cloud Certified Associate Cloud Engineer Study Guide, 2nd Edition tb871446.GoCCACESG2E.c08.04
WELCM-69167	2023-03-13 0:24	2024-01-12 18:10	8d9a421f-c630-438b-84fd-776962a921d6	1.0	Major	Open	pmikhailov	CompTIA A+ Complete Review Guide, 5th Edition tb861072.AplRG5E.pe3.41
WELCM-69178	2023-03-13 19:49	2024-01-23 16:09		0.0	Major	Open	WCMR_FastTrack_corrections	CompTIA Data+ Study Guide tb845256.DataPlSG.c04.08
WELCM-69188	2023-03-14 0:14	2024-01-15 1:05	47316b73-8f13-4766-85da-ac141a2358b7	2.0	Major	In Progress	WCMR_FastTrack_corrections	CompTIA Server+ Study Guide: Exam SK0-005 2e tb891437.SERVERPLSG2E.c11.19
WELCM-69248	2023-03-16 6:55	2023-08-26 16:13	d9fdbe88-8bcd-499c-963d-8a8c9723e8dd	0.0	Major	Open	WCMR_FastTrack_corrections	AWS CSA Study Guide 4E: Associate Exam: SAA-C03 982623.AWSCML.PE03.027
WELCM-69256	2023-03-16 6:57	2024-01-23 16:20	0ca6aaa0-80a8-40f5-9a80-1596b71a2490	0.0	Major	Open	WCMR_FastTrack_corrections	CompTIA Project+ Study Guide 3E (Exam PK0-005) tb892458.PROJPLSG3E.pe1.095
WELCM-69312	2023-03-20 5:46	2023-08-26 16:13	d9fdbe88-8bcd-499c-963d-8a8c9723e8dd	0.0	Major	Open	WCMR_FastTrack_corrections	AWS CSA Study Guide 4E: Associate Exam: SAA-C03 982623.AWSCSA.SG4E.p2c11.006
WELCM-69443	2023-06-05 14:39	2024-01-23 17:56		2.0	Major	Open	pmikhailov	CompTIA Security+ tb735465.SecPlPT2E.c04.054
WELCM-69446	2023-06-05 14:50	2024-01-23 16:28		0.0	Major	Open	WCMR_FastTrack_corrections	CWNA exam mode 9781119734536
WELCM-69537	2023-07-27 11:50	2024-01-12 18:20	8e2ac285-0fdd-4869-bafe-ee77229af9b4	2.0	Major	Open	pmikhailov	OCA Java SE 8 Programmer I Study Guide tb957400.JaSE8PrI.SG.at.14
WELCM-69939	2023-07-27 13:06	2023-10-27 12:16	2fbd6f7d-00bd-4b3b-bfbd-b9c30264bcbd	0.0	Major	Open	WCMR_FastTrack_corrections	(ISC)² CISSP Official Practice Tests, Third Edition tb787631.CISSPPT3E.pt3.112
WELCM-70123	2023-07-31 1:08	2024-01-01 1:05	f9c6043d-08ed-4c3d-8e9d-bfdaf695c20f	0.0	Major	Open	WCMR_FastTrack_corrections	CEH v12 Study Guide tb186921.CEHv12SG.c04.24
WELCM-70175	2023-08-01 1:06	2024-01-25 13:00	38da71b9-7221-4b13-829e-c18dca7f2f1b	0.0	Major	Open	WCMR_FastTrack_corrections	CompTIA CySA+ Practice Tests, 3rd Edition 182930.CySAplPT3E.pt2.58
WELCM-70195	2023-08-02 1:05	2023-10-27 12:16	52f99826-4082-462e-be3c-15d77a7b25d1	0.0	Major	Open	WCMR_FastTrack_corrections	(ISC)2 CCSP Certified Cloud Security Professional Official Practice Tests, 3rd Edition tb909408.CCSPPT3E.c05.024
WELCM-70229	2023-08-03 1:10	2023-12-25 1:04	f9c6043d-08ed-4c3d-8e9d-bfdaf695c20f	0.0	Major	Open	WCMR_FastTrack_corrections	CEH v12 Study Guide tb186921.CEHv12SG.at.06
WELCM-70309	2023-08-03 1:24	2023-10-27 12:13	d9fdbe88-8bcd-499c-963d-8a8c9723e8dd	0.0	Major	Open	WCMR_FastTrack_corrections	AWS CSA Study Guide 4E: Associate Exam: SAA-C03 982623.AWSCSA.SG4E.p1c08.017
WELCM-70490	2023-08-04 1:18	2023-12-18 1:06	d9fdbe88-8bcd-499c-963d-8a8c9723e8dd	0.0	Major	Open	WCMR_FastTrack_corrections	AWS CSA Study Guide 4E: Associate Exam: SAA-C03 982623.AWSCML.PE04.022
WELCM-70654	2023-08-08 1:13	2024-01-25 17:34	38da71b9-7221-4b13-829e-c18dca7f2f1b	3.0	Major	In Progress	WCMR_FastTrack_corrections	CompTIA CySA+ Practice Tests, 3rd Edition tb182930.CySAplPT3E.c01.032
WELCM-70913	2023-08-10 1:04	2024-01-25 1:05	38da71b9-7221-4b13-829e-c18dca7f2f1b	2.0	Major	In Progress	WCMR_FastTrack_corrections	CompTIA CySA+ Practice Tests, 3rd Edition tb182930.CySAplPT3E.c01.111
WELCM-71028	2023-08-14 1:12	2024-01-25 1:04	38da71b9-7221-4b13-829e-c18dca7f2f1b	2.0	Major	In Progress	WCMR_FastTrack_corrections	CompTIA CySA+ Practice Tests, 3rd Edition tb182930.CySAplPT3E.c01.229
WELCM-71039	2023-08-15 10:06	2024-01-19 1:05	a1948ae1-57ab-406b-a7b5-71bb8b80d21f	0.0	Major	Open	WCMR_FastTrack_corrections	CASP+ Study Guide, 4th Edition tb803164.CASPplSG4E.c09.08
WELCM-71176	2023-08-21 1:06	2024-01-25 16:03	38da71b9-7221-4b13-829e-c18dca7f2f1b	2.0	Major	Open	WCMR_FastTrack_corrections	CompTIA CySA+ Practice Tests, 3rd Edition tb182930.CySAplPT3E.c01.210
WELCM-71223	2023-08-21 1:12	2024-01-25 16:04	38da71b9-7221-4b13-829e-c18dca7f2f1b	2.0	Major	Open	WCMR_FastTrack_corrections	CompTIA CySA+ Practice Tests, 3rd Edition tb182930.CySAplPT3E.c01.211
WELCM-71314	2023-08-24 1:06	2023-10-27 12:17	52f99826-4082-462e-be3c-15d77a7b25d1	0.0	Major	Open	WCMR_FastTrack_corrections	(ISC)2 CCSP Certified Cloud Security Professional Official Practice Tests, 3rd Edition tb909408.CCSPPT3E.c06.005
WELCM-71403	2023-08-28 1:13	2024-01-03 1:05	fd4aead9-50ee-494a-bd11-2c0d718bc063	0.0	Major	Open	WCMR_FastTrack_corrections	IAPP CIPP Certified Information Privacy Professional Study Guide tb755463.IAPPCIPPSG.c04.13
WELCM-71457	2023-08-29 1:08	2024-01-25 11:49	770782f3-e22b-4f69-b898-0c4d57b59a17	0.0	Major	Open	WCMR_FastTrack_corrections	OCP Java SE 17 Developer Study Guide tb864585.JaSE17SG.at.15
WELCM-71812	2023-09-11 1:13	2024-01-25 12:58	99b5b0c3-7735-4dd1-b8d1-24b386a41484	0.0	Major	Open	WCMR_FastTrack_corrections	CompTIA Network+ CertMike: Exam N10-008 tb898153.NetwkplCM.pe1.007
WELCM-71848	2023-09-12 1:06	2024-01-25 15:52	38da71b9-7221-4b13-829e-c18dca7f2f1b	2.0	Major	Open	WCMR_FastTrack_corrections	CompTIA CySA+ Practice Tests, 3rd Edition tb182930.CySAplPT3E.c01.028
WELCM-71956	2023-09-18 1:06	2024-01-25 11:49	770782f3-e22b-4f69-b898-0c4d57b59a17	0.0	Major	Open	WCMR_FastTrack_corrections	OCP Java SE 17 Developer Study Guide tb864585.JaSE17SG.c15.09
WELCM-71990	2023-09-18 1:09	2024-01-25 12:59	61c9fad5-39ef-45c0-bd94-72cdeb569612	0.0	Major	Open	WCMR_FastTrack_corrections	CompTIA Data+ Study Guide tb845256.DataPlSG.pe2.33
WELCM-72146	2023-09-25 1:05	2023-10-27 12:10	6d2c2906-d636-46ac-a67e-c7a5abc88549	0.0	Major	Open	WCMR_FastTrack_corrections	CCNA Certification Study Guide tb659181.CCNACert.SG.c07.01
WELCM-72520	2023-10-10 1:05	2024-01-25 13:00	38da71b9-7221-4b13-829e-c18dca7f2f1b	0.0	Major	Open	WCMR_FastTrack_corrections	CompTIA CySA+ Practice Tests, 3rd Edition 182930.CySAplPT3E.pt1.69
WELCM-72548	2023-10-12 1:05	2024-01-25 12:59	38da71b9-7221-4b13-829e-c18dca7f2f1b	0.0	Major	Open	WCMR_FastTrack_corrections	CompTIA CySA+ Practice Tests, 3rd Edition tb182930.CySAplPT3E.c02.108
WELCM-73373	2023-11-22 1:05	2024-01-25 12:03	b1ac057a-132e-42bc-a8b6-1d2f4b8b889b	0.0	Major	Open	WCMR_FastTrack_corrections	CompTIA Security+ Study Guide 8E tb736257.SecPl.SG8E.c11.08